year,stage,output,capacity
2020,mine,brine,232.5
2020,mine,spod,232.5
2020,mine,clay,232.5
2021,mine,brine,257
2021,mine,spod,257
2021,mine,clay,257
2022,mine,brine,296
2022,mine,spod,296
2022,mine,clay,296
2023,mine,brine,330
2023,mine,spod,330
2023,mine,clay,330
2024,mine,brine,348
2024,mine,spod,348
2024,mine,clay,348
2025,mine,brine,367.8
2025,mine,spod,367.8
2025,mine,clay,367.8
2026,mine,brine,389.58
2026,mine,spod,389.58
2026,mine,clay,389.58
2027,mine,brine,413.538
2027,mine,spod,413.538
2027,mine,clay,413.538
2028,mine,brine,439.8918
2028,mine,spod,439.8918
2028,mine,clay,439.8918
2029,mine,brine,468.88098
2029,mine,spod,468.88098
2029,mine,clay,468.88098
2030,mine,brine,409.5588974
2030,mine,spod,409.5588974
2030,mine,clay,409.5588974
2031,mine,brine,430.0979944
2031,mine,spod,430.0979944
2031,mine,clay,430.0979944
2032,mine,brine,451.9592531
2032,mine,spod,451.9592531
2032,mine,clay,451.9592531
2033,mine,brine,475.1662125
2033,mine,spod,475.1662125
2033,mine,clay,475.1662125
2034,mine,brine,499.7333269
2034,mine,spod,499.7333269
2034,mine,clay,499.7333269
2035,mine,brine,525.664907
2035,mine,spod,525.664907
2035,mine,clay,525.664907
2036,mine,brine,552.954181
2036,mine,spod,552.954181
2036,mine,clay,552.954181
2037,mine,brine,581.5825216
2037,mine,spod,581.5825216
2037,mine,clay,581.5825216
2038,mine,brine,611.5188861
2038,mine,spod,611.5188861
2038,mine,clay,611.5188861
2039,mine,brine,642.719512
2039,mine,spod,642.719512
2039,mine,clay,642.719512
2040,mine,brine,666.2645008
2040,mine,spod,666.2645008
2040,mine,clay,666.2645008
2041,mine,brine,699.2141957
2041,mine,spod,699.2141957
2041,mine,clay,699.2141957
2042,mine,brine,733.203144
2042,mine,spod,733.203144
2042,mine,clay,733.203144
2043,mine,brine,768.1415668
2043,mine,spod,768.1415668
2043,mine,clay,768.1415668
2044,mine,brine,803.9303534
2044,mine,spod,803.9303534
2044,mine,clay,803.9303534
2045,mine,brine,840.462616
2045,mine,spod,840.462616
2045,mine,clay,840.462616
2046,mine,brine,877.6254793
2046,mine,spod,877.6254793
2046,mine,clay,877.6254793
2047,mine,brine,915.3020467
2047,mine,spod,915.3020467
2047,mine,clay,915.3020467
2048,mine,brine,953.3734723
2048,mine,spod,953.3734723
2048,mine,clay,953.3734723
2049,mine,brine,991.7210637
2049,mine,spod,991.7210637
2049,mine,clay,991.7210637
2050,mine,brine,1030.22834
2050,mine,spod,1030.22834
2050,mine,clay,1030.22834
2051,mine,brine,1068.782975
2051,mine,spod,1068.782975
2051,mine,clay,1068.782975
2052,mine,brine,1107.278555
2052,mine,spod,1107.278555
2052,mine,clay,1107.278555
2053,mine,brine,1145.61611
2053,mine,spod,1145.61611
2053,mine,clay,1145.61611
2054,mine,brine,1183.705366
2054,mine,spod,1183.705366
2054,mine,clay,1183.705366
2055,mine,brine,1221.465711
2055,mine,spod,1221.465711
2055,mine,clay,1221.465711
2056,mine,brine,1258.826854
2056,mine,spod,1258.826854
2056,mine,clay,1258.826854
2057,mine,brine,1295.729187
2057,mine,spod,1295.729187
2057,mine,clay,1295.729187
2058,mine,brine,1332.123875
2058,mine,spod,1332.123875
2058,mine,clay,1332.123875
2059,mine,brine,1367.97269
2059,mine,spod,1367.97269
2059,mine,clay,1367.97269
2060,mine,brine,1421.035411
2060,mine,spod,1421.035411
2060,mine,clay,1421.035411
2061,mine,brine,1450.618453
2061,mine,spod,1450.618453
2061,mine,clay,1450.618453
2062,mine,brine,1479.817827
2062,mine,spod,1479.817827
2062,mine,clay,1479.817827
2063,mine,brine,1508.632172
2063,mine,spod,1508.632172
2063,mine,clay,1508.632172
2064,mine,brine,1537.065741
2064,mine,spod,1537.065741
2064,mine,clay,1537.065741
2065,mine,brine,1565.127748
2065,mine,spod,1565.127748
2065,mine,clay,1565.127748
2066,mine,brine,1592.83171
2066,mine,spod,1592.83171
2066,mine,clay,1592.83171
2067,mine,brine,1620.194809
2067,mine,spod,1620.194809
2067,mine,clay,1620.194809
2068,mine,brine,1647.23728
2068,mine,spod,1647.23728
2068,mine,clay,1647.23728
2069,mine,brine,1673.981838
2069,mine,spod,1673.981838
2069,mine,clay,1673.981838
2070,mine,brine,1700.453153
2070,mine,spod,1700.453153
2070,mine,clay,1700.453153
2071,mine,brine,1726.677373
2071,mine,spod,1726.677373
2071,mine,clay,1726.677373
2072,mine,brine,1752.681704
2072,mine,spod,1752.681704
2072,mine,clay,1752.681704
2073,mine,brine,1778.494039
2073,mine,spod,1778.494039
2073,mine,clay,1778.494039
2074,mine,brine,1804.142638
2074,mine,spod,1804.142638
2074,mine,clay,1804.142638
2075,mine,brine,1829.655857
2075,mine,spod,1829.655857
2075,mine,clay,1829.655857
2076,mine,brine,1855.061925
2076,mine,spod,1855.061925
2076,mine,clay,1855.061925
2077,mine,brine,1880.388756
2077,mine,spod,1880.388756
2077,mine,clay,1880.388756
2078,mine,brine,1905.663803
2078,mine,spod,1905.663803
2078,mine,clay,1905.663803
2079,mine,brine,1930.913944
2079,mine,spod,1930.913944
2079,mine,clay,1930.913944
2080,mine,brine,1956.165393
2080,mine,spod,1956.165393
2080,mine,clay,1956.165393
2081,mine,brine,1981.443642
2081,mine,spod,1981.443642
2081,mine,clay,1981.443642
2082,mine,brine,2006.773422
2082,mine,spod,2006.773422
2082,mine,clay,2006.773422
2083,mine,brine,2032.178676
2083,mine,spod,2032.178676
2083,mine,clay,2032.178676
2084,mine,brine,2057.682561
2084,mine,spod,2057.682561
2084,mine,clay,2057.682561
2085,mine,brine,2083.307446
2085,mine,spod,2083.307446
2085,mine,clay,2083.307446
2086,mine,brine,2109.074933
2086,mine,spod,2109.074933
2086,mine,clay,2109.074933
2087,mine,brine,2135.005882
2087,mine,spod,2135.005882
2087,mine,clay,2135.005882
2088,mine,brine,2161.120434
2088,mine,spod,2161.120434
2088,mine,clay,2161.120434
2089,mine,brine,2187.438058
2089,mine,spod,2187.438058
2089,mine,clay,2187.438058
2090,mine,brine,2213.977578
2090,mine,spod,2213.977578
2090,mine,clay,2213.977578
2091,mine,brine,2240.757224
2091,mine,spod,2240.757224
2091,mine,clay,2240.757224
2092,mine,brine,2267.794668
2092,mine,spod,2267.794668
2092,mine,clay,2267.794668
2093,mine,brine,2295.10707
2093,mine,spod,2295.10707
2093,mine,clay,2295.10707
2094,mine,brine,2322.711123
2094,mine,spod,2322.711123
2094,mine,clay,2322.711123
2095,mine,brine,2350.623096
2095,mine,spod,2350.623096
2095,mine,clay,2350.623096
2096,mine,brine,2378.858877
2096,mine,spod,2378.858877
2096,mine,clay,2378.858877
2097,mine,brine,2407.434015
2097,mine,spod,2407.434015
2097,mine,clay,2407.434015
2098,mine,brine,2436.363759
2098,mine,spod,2436.363759
2098,mine,clay,2436.363759
2099,mine,brine,2465.663102
2099,mine,spod,2465.663102
2099,mine,clay,2465.663102
2100,mine,brine,2495.34682
2100,mine,spod,2495.34682
2100,mine,clay,2495.34682
