year,stage,input,output,capacity
2020,proc,brine,loh,100
2020,proc,brine,lce,100
2020,proc,spod,loh,100
2020,proc,spod,lce,100
2020,proc,clay,loh,147.7891881
2020,proc,clay,lce,145.3393943
2021,proc,brine,loh,100
2021,proc,brine,lce,100
2021,proc,spod,loh,100
2021,proc,spod,lce,100
2021,proc,clay,loh,205.7999445
2021,proc,clay,lce,173.4935457
2022,proc,brine,loh,100
2022,proc,brine,lce,100
2022,proc,spod,loh,100
2022,proc,spod,lce,100
2022,proc,clay,loh,266.0778321
2022,proc,clay,lce,211.3772252
2023,proc,brine,loh,100
2023,proc,brine,lce,100
2023,proc,spod,loh,100
2023,proc,spod,lce,245.1675567
2023,proc,clay,loh,308.6205446
2023,proc,clay,lce,100
2024,proc,brine,loh,100
2024,proc,brine,lce,100
2024,proc,spod,loh,100
2024,proc,spod,lce,100
2024,proc,clay,loh,355.7887705
2024,proc,clay,lce,267.7407651
2025,proc,brine,loh,100
2025,proc,brine,lce,100
2025,proc,spod,loh,100
2025,proc,spod,lce,100
2025,proc,clay,loh,393.3487742
2025,proc,clay,lce,288.3539945
2026,proc,brine,loh,100
2026,proc,brine,lce,100
2026,proc,spod,loh,100
2026,proc,spod,lce,100
2026,proc,clay,loh,424.2458082
2026,proc,clay,lce,307.9710174
2027,proc,brine,loh,100
2027,proc,brine,lce,100
2027,proc,spod,loh,457.9762035
2027,proc,spod,lce,100
2027,proc,clay,loh,100
2027,proc,clay,lce,329.5056889
2028,proc,brine,loh,100
2028,proc,brine,lce,100
2028,proc,spod,loh,100
2028,proc,spod,lce,100
2028,proc,clay,loh,494.7224873
2028,proc,clay,lce,353.1230987
2029,proc,brine,loh,100
2029,proc,brine,lce,100
2029,proc,spod,loh,100
2029,proc,spod,lce,100
2029,proc,clay,loh,534.665571
2029,proc,clay,lce,378.9992784
2030,proc,brine,loh,100
2030,proc,brine,lce,100
2030,proc,spod,loh,100
2030,proc,spod,lce,100
2030,proc,clay,loh,564.1248825
2030,proc,clay,lce,356.0265441
2031,proc,brine,loh,100
2031,proc,brine,lce,100
2031,proc,spod,loh,604.6299747
2031,proc,spod,lce,100
2031,proc,clay,loh,100
2031,proc,clay,lce,378.3704846
2032,proc,brine,loh,100
2032,proc,brine,lce,100
2032,proc,spod,loh,100
2032,proc,spod,lce,100
2032,proc,clay,loh,647.8218042
2032,proc,clay,lce,402.1965178
2033,proc,brine,loh,100
2033,proc,brine,lce,100
2033,proc,spod,loh,693.7473597
2033,proc,spod,lce,100
2033,proc,clay,loh,100
2033,proc,clay,lce,427.5305641
2034,proc,brine,loh,100
2034,proc,brine,lce,100
2034,proc,spod,loh,742.4346318
2034,proc,spod,lce,100
2034,proc,clay,loh,100
2034,proc,clay,lce,454.3880641
2035,proc,brine,loh,100
2035,proc,brine,lce,100
2035,proc,spod,loh,100
2035,proc,spod,lce,100
2035,proc,clay,loh,793.8904029
2035,proc,clay,lce,482.7727591
2036,proc,brine,loh,100
2036,proc,brine,lce,100
2036,proc,spod,loh,100
2036,proc,spod,lce,100
2036,proc,clay,loh,848.0982881
2036,proc,clay,lce,512.6756108
2037,proc,brine,loh,100
2037,proc,brine,lce,100
2037,proc,spod,loh,100
2037,proc,spod,lce,100
2037,proc,clay,loh,905.0171233
2037,proc,clay,lce,544.0739115
2038,proc,brine,loh,100
2038,proc,brine,lce,100
2038,proc,spod,loh,100
2038,proc,spod,lce,100
2038,proc,clay,loh,964.5797949
2038,proc,clay,lce,576.9306394
2039,proc,brine,loh,100
2039,proc,brine,lce,100
2039,proc,spod,loh,100
2039,proc,spod,lce,100
2039,proc,clay,loh,1026.692604
2039,proc,clay,lce,611.1941068
2040,proc,brine,loh,100
2040,proc,brine,lce,100
2040,proc,spod,loh,100
2040,proc,spod,lce,100
2040,proc,clay,loh,1072.760087
2040,proc,clay,lce,636.6064453
2041,proc,brine,loh,100
2041,proc,brine,lce,100
2041,proc,spod,loh,100
2041,proc,spod,lce,100
2041,proc,clay,loh,1138.340715
2041,proc,clay,lce,672.7828754
2042,proc,brine,loh,100
2042,proc,brine,lce,100
2042,proc,spod,loh,100
2042,proc,spod,lce,710.1029672
2042,proc,clay,loh,1205.994572
2042,proc,clay,lce,100
2043,proc,brine,loh,100
2043,proc,brine,lce,100
2043,proc,spod,loh,1275.53173
2043,proc,spod,lce,100
2043,proc,clay,loh,100
2043,proc,clay,lce,748.46195
2044,proc,brine,loh,100
2044,proc,brine,lce,100
2044,proc,spod,loh,100
2044,proc,spod,lce,100
2044,proc,clay,loh,1346.742726
2044,proc,clay,lce,787.7442766
2045,proc,brine,loh,100
2045,proc,brine,lce,100
2045,proc,spod,loh,100
2045,proc,spod,lce,100
2045,proc,clay,loh,1419.401799
2045,proc,clay,lce,827.8254099
2046,proc,brine,loh,100
2046,proc,brine,lce,100
2046,proc,spod,loh,100
2046,proc,spod,lce,100
2046,proc,clay,loh,1493.270618
2046,proc,clay,lce,868.5738793
2047,proc,brine,loh,100
2047,proc,brine,lce,100
2047,proc,spod,loh,100
2047,proc,spod,lce,100
2047,proc,clay,loh,1568.102381
2047,proc,clay,lce,909.8535397
2048,proc,brine,loh,100
2048,proc,brine,lce,100
2048,proc,spod,loh,100
2048,proc,spod,lce,100
2048,proc,clay,loh,1643.646125
2048,proc,clay,lce,951.5259527
2049,proc,brine,loh,100
2049,proc,brine,lce,100
2049,proc,spod,loh,100
2049,proc,spod,lce,100
2049,proc,clay,loh,1719.651113
2049,proc,clay,lce,993.4528026
2050,proc,brine,loh,100
2050,proc,brine,lce,100
2050,proc,spod,loh,100
2050,proc,spod,lce,100
2050,proc,clay,loh,1795.871116
2050,proc,clay,lce,1035.498262
2051,proc,brine,loh,100
2051,proc,brine,lce,100
2051,proc,spod,loh,100
2051,proc,spod,lce,100
2051,proc,clay,loh,1872.068462
2051,proc,clay,lce,1077.531224
2052,proc,brine,loh,100
2052,proc,brine,lce,100
2052,proc,spod,loh,100
2052,proc,spod,lce,100
2052,proc,clay,loh,1948.0177
2052,proc,clay,lce,1119.42732
2053,proc,brine,loh,100
2053,proc,brine,lce,100
2053,proc,spod,loh,100
2053,proc,spod,lce,100
2053,proc,clay,loh,2023.50878
2053,proc,clay,lce,1161.070682
2054,proc,brine,loh,100
2054,proc,brine,lce,100
2054,proc,spod,loh,100
2054,proc,spod,lce,100
2054,proc,clay,loh,2098.349673
2054,proc,clay,lce,1202.355379
2055,proc,brine,loh,100
2055,proc,brine,lce,100
2055,proc,spod,loh,100
2055,proc,spod,lce,100
2055,proc,clay,loh,2172.368369
2055,proc,clay,lce,1243.186525
2056,proc,brine,loh,100
2056,proc,brine,lce,100
2056,proc,spod,loh,2245.414251
2056,proc,spod,lce,100
2056,proc,clay,loh,100
2056,proc,clay,lce,1283.481035
2057,proc,brine,loh,100
2057,proc,brine,lce,100
2057,proc,spod,loh,100
2057,proc,spod,lce,100
2057,proc,clay,loh,2317.358851
2057,proc,clay,lce,1323.168042
2058,proc,brine,loh,100
2058,proc,brine,lce,100
2058,proc,spod,loh,100
2058,proc,spod,lce,100
2058,proc,clay,loh,2388.096028
2058,proc,clay,lce,1362.188994
2059,proc,brine,loh,100
2059,proc,brine,lce,100
2059,proc,spod,loh,100
2059,proc,spod,lce,1400.497466
2059,proc,clay,loh,2457.541621
2059,proc,clay,lce,100
2060,proc,brine,loh,100
2060,proc,brine,lce,100
2060,proc,spod,loh,100
2060,proc,spod,lce,100
2060,proc,clay,loh,2562.710042
2060,proc,clay,lce,1458.511825
2061,proc,brine,loh,100
2061,proc,brine,lce,100
2061,proc,spod,loh,100
2061,proc,spod,lce,100
2061,proc,clay,loh,2618.773589
2061,proc,clay,lce,1489.438321
2062,proc,brine,loh,100
2062,proc,brine,lce,100
2062,proc,spod,loh,100
2062,proc,spod,lce,100
2062,proc,clay,loh,2673.869398
2062,proc,clay,lce,1519.83098
2063,proc,brine,loh,100
2063,proc,brine,lce,100
2063,proc,spod,loh,100
2063,proc,spod,lce,100
2063,proc,clay,loh,2727.989594
2063,proc,clay,lce,1549.68546
2064,proc,brine,loh,100
2064,proc,brine,lce,100
2064,proc,spod,loh,2781.137851
2064,proc,spod,lce,100
2064,proc,clay,loh,100
2064,proc,clay,lce,1579.003786
2065,proc,brine,loh,100
2065,proc,brine,lce,100
2065,proc,spod,loh,100
2065,proc,spod,lce,100
2065,proc,clay,loh,2833.328026
2065,proc,clay,lce,1607.793602
2066,proc,brine,loh,100
2066,proc,brine,lce,100
2066,proc,spod,loh,100
2066,proc,spod,lce,100
2066,proc,clay,loh,2884.582787
2066,proc,clay,lce,1636.067413
2067,proc,brine,loh,100
2067,proc,brine,lce,100
2067,proc,spod,loh,100
2067,proc,spod,lce,100
2067,proc,clay,loh,2934.932277
2067,proc,clay,lce,1663.841847
2068,proc,brine,loh,100
2068,proc,brine,lce,100
2068,proc,spod,loh,100
2068,proc,spod,lce,100
2068,proc,clay,loh,2984.41283
2068,proc,clay,lce,1691.136947
2069,proc,brine,loh,100
2069,proc,brine,lce,100
2069,proc,spod,loh,100
2069,proc,spod,lce,100
2069,proc,clay,loh,3033.065776
2069,proc,clay,lce,1717.975512
2070,proc,brine,loh,100
2070,proc,brine,lce,100
2070,proc,spod,loh,100
2070,proc,spod,lce,100
2070,proc,clay,loh,3080.936338
2070,proc,clay,lce,1744.382487
2071,proc,brine,loh,100
2071,proc,brine,lce,100
2071,proc,spod,loh,100
2071,proc,spod,lce,100
2071,proc,clay,loh,3128.072637
2071,proc,clay,lce,1770.38442
2072,proc,brine,loh,100
2072,proc,brine,lce,100
2072,proc,spod,loh,100
2072,proc,spod,lce,100
2072,proc,clay,loh,3174.524805
2072,proc,clay,lce,1796.008963
2073,proc,brine,loh,100
2073,proc,brine,lce,100
2073,proc,spod,loh,100
2073,proc,spod,lce,100
2073,proc,clay,loh,3220.344209
2073,proc,clay,lce,1821.284452
2074,proc,brine,loh,100
2074,proc,brine,lce,100
2074,proc,spod,loh,100
2074,proc,spod,lce,100
2074,proc,clay,loh,3265.582777
2074,proc,clay,lce,1846.239534
2075,proc,brine,loh,100
2075,proc,brine,lce,100
2075,proc,spod,loh,100
2075,proc,spod,lce,100
2075,proc,clay,loh,3310.292432
2075,proc,clay,lce,1870.90285
2076,proc,brine,loh,100
2076,proc,brine,lce,100
2076,proc,spod,loh,100
2076,proc,spod,lce,100
2076,proc,clay,loh,3354.524611
2076,proc,clay,lce,1895.302774
2077,proc,brine,loh,100
2077,proc,brine,lce,100
2077,proc,spod,loh,100
2077,proc,spod,lce,100
2077,proc,clay,loh,3398.329877
2077,proc,clay,lce,1919.467198
2078,proc,brine,loh,100
2078,proc,brine,lce,100
2078,proc,spod,loh,100
2078,proc,spod,lce,100
2078,proc,clay,loh,3441.7576
2078,proc,clay,lce,1943.423358
2079,proc,brine,loh,100
2079,proc,brine,lce,100
2079,proc,spod,loh,100
2079,proc,spod,lce,100
2079,proc,clay,loh,3484.855716
2079,proc,clay,lce,1967.197696
2080,proc,brine,loh,100
2080,proc,brine,lce,100
2080,proc,spod,loh,100
2080,proc,spod,lce,100
2080,proc,clay,loh,3527.670538
2080,proc,clay,lce,1990.815759
2081,proc,brine,loh,100
2081,proc,brine,lce,100
2081,proc,spod,loh,100
2081,proc,spod,lce,100
2081,proc,clay,loh,3570.246621
2081,proc,clay,lce,2014.302127
2082,proc,brine,loh,100
2082,proc,brine,lce,100
2082,proc,spod,loh,100
2082,proc,spod,lce,100
2082,proc,clay,loh,3612.626675
2082,proc,clay,lce,2037.680358
2083,proc,brine,loh,100
2083,proc,brine,lce,100
2083,proc,spod,loh,100
2083,proc,spod,lce,100
2083,proc,clay,loh,3654.851508
2083,proc,clay,lce,2060.972964
2084,proc,brine,loh,100
2084,proc,brine,lce,100
2084,proc,spod,loh,100
2084,proc,spod,lce,100
2084,proc,clay,loh,3696.96001
2084,proc,clay,lce,2084.201398
2085,proc,brine,loh,100
2085,proc,brine,lce,100
2085,proc,spod,loh,3738.989151
2085,proc,spod,lce,100
2085,proc,clay,loh,100
2085,proc,clay,lce,2107.386054
2086,proc,brine,loh,100
2086,proc,brine,lce,100
2086,proc,spod,loh,100
2086,proc,spod,lce,100
2086,proc,clay,loh,3780.974013
2086,proc,clay,lce,2130.546284
2087,proc,brine,loh,100
2087,proc,brine,lce,100
2087,proc,spod,loh,100
2087,proc,spod,lce,100
2087,proc,clay,loh,3822.947826
2087,proc,clay,lce,2153.700419
2088,proc,brine,loh,100
2088,proc,brine,lce,100
2088,proc,spod,loh,100
2088,proc,spod,lce,100
2088,proc,clay,loh,3864.942028
2088,proc,clay,lce,2176.865802
2089,proc,brine,loh,100
2089,proc,brine,lce,100
2089,proc,spod,loh,3906.986323
2089,proc,spod,lce,100
2089,proc,clay,loh,100
2089,proc,clay,lce,2200.058817
2090,proc,brine,loh,100
2090,proc,brine,lce,100
2090,proc,spod,loh,100
2090,proc,spod,lce,100
2090,proc,clay,loh,3949.108758
2090,proc,clay,lce,2223.294937
2091,proc,brine,loh,100
2091,proc,brine,lce,100
2091,proc,spod,loh,100
2091,proc,spod,lce,100
2091,proc,clay,loh,3991.335797
2091,proc,clay,lce,2246.58876
2092,proc,brine,loh,100
2092,proc,brine,lce,100
2092,proc,spod,loh,100
2092,proc,spod,lce,100
2092,proc,clay,loh,4033.692399
2092,proc,clay,lce,2269.954054
2093,proc,brine,loh,100
2093,proc,brine,lce,100
2093,proc,spod,loh,100
2093,proc,spod,lce,100
2093,proc,clay,loh,4076.202101
2093,proc,clay,lce,2293.403803
2094,proc,brine,loh,100
2094,proc,brine,lce,100
2094,proc,spod,loh,100
2094,proc,spod,lce,100
2094,proc,clay,loh,4118.887097
2094,proc,clay,lce,2316.950251
2095,proc,brine,loh,100
2095,proc,brine,lce,100
2095,proc,spod,loh,100
2095,proc,spod,lce,100
2095,proc,clay,loh,4161.768319
2095,proc,clay,lce,2340.604943
2096,proc,brine,loh,100
2096,proc,brine,lce,100
2096,proc,spod,loh,100
2096,proc,spod,lce,100
2096,proc,clay,loh,4204.865515
2096,proc,clay,lce,2364.378773
2097,proc,brine,loh,100
2097,proc,brine,lce,100
2097,proc,spod,loh,100
2097,proc,spod,lce,100
2097,proc,clay,loh,4248.197326
2097,proc,clay,lce,2388.282024
2098,proc,brine,loh,100
2098,proc,brine,lce,100
2098,proc,spod,loh,100
2098,proc,spod,lce,100
2098,proc,clay,loh,4291.781357
2098,proc,clay,lce,2412.324409
2099,proc,brine,loh,100
2099,proc,brine,lce,100
2099,proc,spod,loh,100
2099,proc,spod,lce,100
2099,proc,clay,loh,4335.634253
2099,proc,clay,lce,2436.515108
2100,proc,brine,loh,100
2100,proc,brine,lce,100
2100,proc,spod,loh,100
2100,proc,spod,lce,100
2100,proc,clay,loh,4379.771763
2100,proc,clay,lce,2460.86281
